"split_props","target_props","split_balance","target_balance"
0.210485285519392,0.25,0.304320987654321,0.27895796790749
0.148898850126681,0.15,0.24956369982548,0.27895796790749
0.126486065094523,0.15,0.223420647149461,0.27895796790749
0.239199636198272,0.15,0.268332428028245,0.27895796790749
0.141362957188332,0.15,0.294117647058823,0.27895796790749
0.133567205872799,0.15,0.327334630350194,0.27895796790749
