"split_props","target_props","split_balance","target_balance"
0.24563728738679,0.25,0.189748201438849,0.150209851999116
0.75436271261321,0.75,0.137335285505124,0.150209851999116
